{
  "id": 1,
  "computed_at": "2026-07-15T13:28:53.414488+00:00",
  "n_items": 110,
  "field_accuracy": 0.970954356846473,
  "per_field_accuracy": {
    "contact_name": 0.9622641509433962,
    "contact_email": 0.9245283018867925,
    "contact_phone": 0.9245283018867925,
    "property_ref": 0.9811320754716981,
    "desired_move_in": 0.9871794871794872,
    "budget_max": 0.9811320754716981,
    "budget_raw": 0.9811320754716981,
    "bedrooms": 0.9811320754716981,
    "pets": 0.9871794871794872,
    "pets_detail": 0.9871794871794872,
    "stated_income": 1.0,
    "lead_source": 0.9433962264150944,
    "urgency": 0.9433962264150944,
    "applicant_name": 0.96,
    "co_applicants": 0.96,
    "current_address": 1.0,
    "employer": 0.88,
    "monthly_income": 1.0,
    "desired_unit": 1.0,
    "occupants": 1.0,
    "screening_consent": 1.0
  },
  "intent_accuracy": 0.990909090909091,
  "adversarial_route_accuracy": 1.0,
  "pct_auto": 0.5454545454545454,
  "pct_human_review": 0.34545454545454546,
  "pct_discarded": 0.10909090909090909,
  "avg_processing_ms": 15575.636363636364,
  "manual_baseline_minutes": 3.0,
  "hours_saved": 5.024077777777777,
  "dollars_saved": 175.84272222222222
}